X,Y,fid,GID_0,COUNTRY
66.2911143371456,47.9925189164281,1,KAZ,Kazakhstan
